fund_name,provider_no,created,modified
ACA Health Benefits Fund,,7/24/2019 12:06,7/24/2019 12:06
AHM Health Insurance,,7/24/2019 12:06,7/24/2019 12:06
Australian Unity Health Limited,,7/24/2019 12:06,7/24/2019 12:06
Bupa HI Pty Ltd,,7/24/2019 12:06,7/24/2019 12:06
CBHS Corporate Health Pty Ltd,,7/24/2019 12:06,7/24/2019 12:06
CBHS Health Fund Limited,,7/24/2019 12:06,7/24/2019 12:06
CDH Benefits Fund,,7/24/2019 12:06,7/24/2019 12:06
CUA Health Limited,,7/24/2019 12:06,7/24/2019 12:06
Defence Health Limited,,7/24/2019 12:06,7/24/2019 12:06
Doctors Health Fund,,7/24/2019 12:06,7/24/2019 12:06
Emergency Service Health,,7/24/2019 12:06,7/24/2019 12:06
GMHBA Limited,,7/24/2019 12:06,7/24/2019 12:06
Grand United Corporate Health,,7/24/2019 12:06,7/24/2019 12:06
HBF Health Limited,,7/24/2019 12:06,7/24/2019 12:06
HCF,,7/24/2019 12:06,7/24/2019 12:06
Health Care Insurance Limited,,7/24/2019 12:06,7/24/2019 12:06
Health Insurance Fund of Australia Limited,,7/24/2019 12:06,7/24/2019 12:06
Health Partners,,7/24/2019 12:06,7/24/2019 12:06
Health.com.au,,7/24/2019 12:06,7/24/2019 12:06
Latrobe Health Services,,7/24/2019 12:06,7/24/2019 12:06
Medibank Private Limited,,7/24/2019 12:06,7/24/2019 12:06
Mildura Health Fund,,7/24/2019 12:06,7/24/2019 12:06
MyOwn Health Fund,,7/24/2019 12:06,7/24/2019 12:06
National Health Benefits Australia Pty Ltd,,7/24/2019 12:06,7/24/2019 12:06
Navy Health Ltd,,7/24/2019 12:06,7/24/2019 12:06
NIB Health Funds Ltd,,7/24/2019 12:06,7/24/2019 12:06
Nurse & Midwives Health,,7/24/2019 12:06,7/24/2019 12:06
Peoplecare Health Insurance,,7/24/2019 12:06,7/24/2019 12:06
Phoenix Health Fund Limited,,7/24/2019 12:06,7/24/2019 12:06
Police Health,,7/24/2019 12:06,7/24/2019 12:06
Queensland Country Health Fund Ltd,,7/24/2019 12:06,7/24/2019 12:06
Railway and Transport Health Fund Limited,,7/24/2019 12:06,7/24/2019 12:06
Reserve Bank Health Society Ltd,,7/24/2019 12:06,7/24/2019 12:06
St. Lukes Health,,7/24/2019 12:06,7/24/2019 12:06
Teachers Health,,7/24/2019 12:06,7/24/2019 12:06
Transport Health Pty Ltd,,7/24/2019 12:06,7/24/2019 12:06
TUH,,7/24/2019 12:06,7/24/2019 12:06
Westfund Limited,,7/24/2019 12:06,7/24/2019 12:06
